{
    "$schema": "https://schema.management.azure.com/schemas/2015-01-01/deploymentParameters.json#",
    "contentVersion": "1.0.0.0",
    "parameters": {
        "resourceName": {
            "value": "my-cluster"
        },
        "location": {
            "value": "southindia"
        },
        "dnsPrefix": {
            "value": "my-cluster-dns"
        },
        "osDiskSizeGB": {
            "value": 0
        },
        "kubernetesVersion": {
            "value": "1.21.9"
        },
        "networkPlugin": {
            "value": "kubenet"
        },
        "enableRBAC": {
            "value": true
        },
        "vmssNodePool": {
            "value": true
        },
        "windowsProfile": {
            "value": false
        },
        "enablePrivateCluster": {
            "value": false
        },
        "enableHttpApplicationRouting": {
            "value": false
        },
        "enableAzurePolicy": {
            "value": false
        },
        "enableSecretStoreCSIDriver": {
            "value": false
        }
    }
}