{
    "$schema": "https://schema.management.azure.com/schemas/2015-01-01/deploymentParameters.json#",
    "contentVersion": "1.0.0.0",
    "parameters": {
        "managedClusters_my_cluster_name": {
            "value": null
        },
        "applicationGateways_ingress_appgateway_externalid": {
            "value": null
        },
        "publicIPAddresses_b092beff_77fd_486e_b7a1_3b9e92eda0ce_externalid": {
            "value": null
        },
        "userAssignedIdentities_my_cluster_agentpool_externalid": {
            "value": null
        }
    }
}