{
    "$schema": "https://schema.management.azure.com/schemas/2019-04-01/deploymentTemplate.json#",
    "contentVersion": "1.0.0.0",
    "parameters": {
        "managedClusters_my_cluster_name": {
            "defaultValue": "my-cluster",
            "type": "String"
        },
        "applicationGateways_ingress_appgateway_externalid": {
            "defaultValue": "/subscriptions/c1b4fb80-10af-4a70-a05c-7650ab75ea5e/resourceGroups/MC_mycluster_group_my-cluster_southindia/providers/Microsoft.Network/applicationGateways/ingress-appgateway",
            "type": "String"
        },
        "publicIPAddresses_b092beff_77fd_486e_b7a1_3b9e92eda0ce_externalid": {
            "defaultValue": "/subscriptions/c1b4fb80-10af-4a70-a05c-7650ab75ea5e/resourceGroups/MC_mycluster_group_my-cluster_southindia/providers/Microsoft.Network/publicIPAddresses/b092beff-77fd-486e-b7a1-3b9e92eda0ce",
            "type": "String"
        },
        "userAssignedIdentities_my_cluster_agentpool_externalid": {
            "defaultValue": "/subscriptions/c1b4fb80-10af-4a70-a05c-7650ab75ea5e/resourceGroups/MC_mycluster_group_my-cluster_southindia/providers/Microsoft.ManagedIdentity/userAssignedIdentities/my-cluster-agentpool",
            "type": "String"
        }
    },
    "variables": {},
    "resources": [
        {
            "type": "Microsoft.ContainerService/managedClusters",
            "apiVersion": "2022-01-02-preview",
            "name": "[parameters('managedClusters_my_cluster_name')]",
            "location": "southindia",
            "sku": {
                "name": "Basic",
                "tier": "Free"
            },
            "identity": {
                "type": "SystemAssigned"
            },
            "properties": {
                "kubernetesVersion": "1.21.9",
                "dnsPrefix": "[concat(parameters('managedClusters_my_cluster_name'), '-dns')]",
                "agentPoolProfiles": [
                    {
                        "name": "agentpool",
                        "count": 1,
                        "vmSize": "Standard_B2s",
                        "osDiskSizeGB": 128,
                        "osDiskType": "Managed",
                        "kubeletDiskType": "OS",
                        "maxPods": 110,
                        "type": "VirtualMachineScaleSets",
                        "enableAutoScaling": false,
                        "powerState": {
                            "code": "Running"
                        },
                        "orchestratorVersion": "1.21.9",
                        "enableNodePublicIP": false,
                        "mode": "System",
                        "osType": "Linux",
                        "osSKU": "Ubuntu",
                        "enableFIPS": false
                    }
                ],
                "servicePrincipalProfile": {
                    "clientId": "msi"
                },
                "addonProfiles": {
                    "azureKeyvaultSecretsProvider": {
                        "enabled": false
                    },
                    "azurepolicy": {
                        "enabled": false
                    },
                    "httpApplicationRouting": {
                        "enabled": true,
                        "config": {
                            "HTTPApplicationRoutingZoneName": "ed3f0c2c34ce45c19c1d.southindia.aksapp.io"
                        }
                    },
                    "ingressApplicationGateway": {
                        "enabled": true,
                        "config": {
                            "applicationGatewayName": "ingress-appgateway",
                            "effectiveApplicationGatewayId": "[parameters('applicationGateways_ingress_appgateway_externalid')]",
                            "subnetPrefix": "10.1.0.0/16"
                        }
                    }
                },
                "nodeResourceGroup": "[concat('MC_mycluster_group_', parameters('managedClusters_my_cluster_name'), '_southindia')]",
                "enableRBAC": true,
                "networkProfile": {
                    "networkPlugin": "kubenet",
                    "loadBalancerSku": "Standard",
                    "loadBalancerProfile": {
                        "managedOutboundIPs": {
                            "count": 1
                        },
                        "effectiveOutboundIPs": [
                            {
                                "id": "[parameters('publicIPAddresses_b092beff_77fd_486e_b7a1_3b9e92eda0ce_externalid')]"
                            }
                        ]
                    },
                    "podCidr": "10.244.0.0/16",
                    "serviceCidr": "10.0.0.0/16",
                    "dnsServiceIP": "10.0.0.10",
                    "dockerBridgeCidr": "172.17.0.1/16",
                    "outboundType": "loadBalancer"
                },
                "apiServerAccessProfile": {
                    "enablePrivateCluster": false
                },
                "identityProfile": {
                    "kubeletidentity": {
                        "resourceId": "[parameters('userAssignedIdentities_my_cluster_agentpool_externalid')]",
                        "clientId": "dd3eae36-8415-4d94-9063-d58ed1308939",
                        "objectId": "36e752b7-d83f-4a98-af41-b76df9c2e262"
                    }
                },
                "oidcIssuerProfile": {
                    "enabled": false
                }
            }
        },
        {
            "type": "Microsoft.ContainerService/managedClusters/agentPools",
            "apiVersion": "2022-01-02-preview",
            "name": "[concat(parameters('managedClusters_my_cluster_name'), '/agentpool')]",
            "dependsOn": [
                "[resourceId('Microsoft.ContainerService/managedClusters', parameters('managedClusters_my_cluster_name'))]"
            ],
            "properties": {
                "count": 1,
                "vmSize": "Standard_B2s",
                "osDiskSizeGB": 128,
                "osDiskType": "Managed",
                "kubeletDiskType": "OS",
                "maxPods": 110,
                "type": "VirtualMachineScaleSets",
                "enableAutoScaling": false,
                "powerState": {
                    "code": "Running"
                },
                "orchestratorVersion": "1.21.9",
                "enableNodePublicIP": false,
                "mode": "System",
                "osType": "Linux",
                "osSKU": "Ubuntu",
                "enableFIPS": false
            }
        }
    ]
}